order	sequence	frame	description	percentile_to_all	relative_efficiency	percentile_to_mane
5	UCAGCCAUGUC	1	novel uORF	0.6430816650390625	0.5733333333333334	0.4298970721561517
6	GUCAUUAUGGC	0	canonical ORF	0.9963531494140625	0.8533333333333334	0.9906138339288572
